parameter_index,smirks,template_value,fitted_value,trained,molecule_count,nonzero_atom_count
0,[#6X4:1]-[#16X1-1:2],0.0833,-0.0862596366532623,True,43,88
1,"[#6X1,#6X2:1]-[#16X1-1:2]",0.3281,-0.3086060424832995,True,1,2
2,[#6X3$(*=[#6]):1]-[#16X1-1:2],0.1879,-0.6386525021740219,True,2,4
3,"[#6X3$(*=[#7,#15]):1]-[#16X1-1:2]",0.1969,0.0,False,0,0
4,"[#6X3:1](~[#8X1,#16X1])(~[#16X1:2])",0.1713,0.08427306618512459,True,3,10
5,"[#6a$(*~[#7aX2,#8aX2]):1]-[#16X1-1:2]",0.3476,0.0,False,0,0
6,[#6a:1]-[#16X1-1:2],0.2541,0.0,False,0,0
7,"[$([#7X3](-[#8X1])=[#8X1]),$([#7X3](=[#8X1])=[#8X1]):1]~[#8X1:2]",-0.15,-0.2493910915745932,True,404,1407
8,[#7X3+1:1]-[#8X1-1:2],0.1317,-0.762036979802219,True,143,313
9,[#7X3$(*-[#6X3$(*=[#8])]):1]-[#8X1-1:2],0.0465,0.0,False,0,0
10,[#7X4+1:1]-[#8X1-1:2],-0.1168,-0.47777893876807714,True,45,94
11,"[#7X1,#7X2+1:1]-[#8X1-1:2]",-0.0543,-0.7648707559359587,True,4,10
12,[#7X2+0:1]-[#8X1-1:2],-0.0817,0.0,False,0,0
13,[#6X4:1]-[#8X1-1:2],0.1615,-0.4847550528683894,True,5,10
14,"[#6X1,#6X2:1]-[#8X1-1:2]",0.2549,-0.5102347880996615,True,1,2
15,[#6X3$(*=[#6]):1]-[#8X1-1:2],0.1844,-1.0756994417076406,True,33,70
16,"[#6X3$(*=[#7,#15]):1]-[#8X1-1:2]",0.3046,-0.6716063882725666,True,4,8
17,"[#6X3:1](~[#8X1,#16X1])(~[#8X1:2])",0.2653,-0.004281836070378686,True,219,708
18,"[#6a$(*~[#7aX2,#8aX2]):1]-[#8X1-1:2]",0.337,0.0,False,0,0
19,[#6a:1]-[#8X1-1:2],0.2797,0.0,False,0,0
20,[#6X4:1]-[#6X4:2],0.0,0.010823299240843107,True,9826,44641
21,"[#6X4:1]-[#6X1,#6X2:2]",-0.0269,0.167025776043491,True,564,1373
22,[#6X4:1]-[#6X3$(*=[#6]):2],0.0024,0.07501053882831088,True,7123,24746
23,"[#6X4:1]-[#6X3$(*=[#7,#15]):2]",-0.0753,0.07808772472105016,True,2202,5105
24,"[#6X4:1]-[#6X3$(*=[#8,#16]):2]",-0.05,0.07251407914527044,True,4469,17455
25,"[#6X4:1]-[#6a$(*~[#7aX2,#8aX2]):2]",-0.0943,0.0,False,0,0
26,[#6X4:1]-[#6a:2],0.0073,0.0,False,0,0
27,"[#6X4:1]-[#7X3ar5,#7X3+1,#7X3+0$(*-[#6X3$(*=[#7X3+1])]),$([#7X3](-[#8X1-1])=[#8X1]),$([#7X3](=[#8X1])=[#8X1]):2]",-0.0193,0.31650184696709527,True,1225,2681
28,"[#6X4:1]-[#7X2-1$(*-[#6X3$(*=[#8X1,#16X1])]),#7X3$(*-[#6X3$(*=[#8X1,#16X1])]):2]",0.0374,0.19523325823680865,True,3835,14413
29,"[#6X4:1]-[#7X4,#7X3,#7X2-1:2]",0.1582,0.25075224645191196,True,4450,15395
30,"[#6X4:1]-[#7X1,#7X2+1:2]",0.1825,-0.05970342426655889,True,14,28
31,"[#6X4:1]-[#7X2+0,#7X2-1ar5:2]",0.1252,0.18706450039080738,True,632,1382
32,"[#6X4:1]-[#8X1,#8X2:2]",0.0718,0.21848751501533725,True,5057,17186
33,[#6X4:1]-[#16X4:2],0.4608,0.048440874958970856,True,596,1396
34,[#6X4:1]-[#16X3:2],0.4263,0.14569430704949593,True,111,263
35,"[#6X4:1]-[#16X1,#16X2:2]",0.1821,0.164508859430967,True,1603,4250
36,[#6X4:1]-[#14X4:2],0.154,0.0,False,0,0
37,[#6X4:1]-[#9:2],0.0713,0.30945607355095084,True,1114,5442
38,[#6X4:1]-[#17:2],0.0734,0.18416618603365914,True,363,1338
39,[#6X4:1]-[#35:2],0.1274,0.15970490558271752,True,119,379
40,[#6X4:1]-[#53:2],0.3009,0.0,False,0,0
41,[#6X4:1]-[#1:2],0.0393,-0.06749578108709259,True,12092,204029
42,"[#6X1,#6X2:1]-[#6X1,#6X2:2]",0.0,-0.034722496382141504,True,20,44
43,"[#6X1,#6X2:1]-[#6a$(*~[#7aX2,#8aX2]):2]",-0.107,-0.17793347524775838,True,114,230
44,"[#6X1,#6X2:1]-[#6a:2]",0.004,-0.18799355285451225,True,435,964
45,"[#6X1,#6X2:1]-[#7X3ar5,#7X3+1,#7X3+0$(*-[#6X3$(*=[#7X3+1])]),$([#7X3](-[#8X1-1])=[#8X1]),$([#7X3](=[#8X1])=[#8X1]):2]",-0.0543,0.0,False,0,0
46,"[#6X1,#6X2:1]-[#7X2-1$(*-[#6X3$(*=[#8X1,#16X1])]),#7X3$(*-[#6X3$(*=[#8X1,#16X1])]):2]",0.0062,-0.10864032058851639,True,4,8
47,"[#6X1,#6X2:1]-[#7X4,#7X3,#7X2-1:2]",0.0558,-0.16657121545439912,True,52,104
48,"[#6X1,#6X2:1]-[#7X1,#7X2+1:2]",0.0798,-0.6557156296046774,True,1,2
49,"[#6X1,#6X2:1]-[#7X2+0,#7X2-1ar5:2]",0.052,-0.18418104474424493,True,19,40
50,"[#6X1,#6X2:1]-[#8X1,#8X2:2]",0.0286,-0.058761096428775805,True,7,18
51,"[#6X1,#6X2:1]-[#16X4:2]",0.4018,-0.03402125798438498,True,2,4
52,"[#6X1,#6X2:1]-[#16X3:2]",0.4586,0.06178480391024451,True,1,2
53,"[#6X1,#6X2:1]-[#16X1,#16X2:2]",0.2251,-0.13115598808086323,True,11,28
54,"[#6X1,#6X2:1]-[#14X4:2]",0.2343,0.0,False,0,0
55,"[#6X1,#6X2:1]-[#9:2]",0.0021,-0.01640307030716782,True,2,6
56,"[#6X1,#6X2:1]-[#17:2]",0.0899,-0.09747325476364965,True,5,12
57,"[#6X1,#6X2:1]-[#35:2]",0.2338,-0.006474360462159991,True,8,16
58,"[#6X1,#6X2:1]-[#53:2]",0.2886,0.0,False,0,0
59,"[#6X1,#6X2:1]-[#1:2]",0.0575,-0.23715185093751967,True,147,300
60,"[#6X1,#6X2:1]=[#6X1,#6X2:2]",0.0,0.0,False,0,0
61,"[#6X1,#6X2:1]=[#7X2+0,#7X2-1ar5:2]",0.2204,0.18311121890175455,True,48,122
62,"[#6X1,#6X2:1]=[#8X1,#8X2:2]",0.2335,0.2834936186818425,True,21,62
63,"[#6X1,#6X2:1]=[#16X3:2]",0.3052,0.0,False,0,0
64,"[#6X1,#6X2:1]=[#16X1,#16X2:2]",0.3429,0.08762285412748227,True,26,52
65,"[#6X1,#6X2:1]#[#6X1,#6X2:2]",0.0,0.0038018642475661224,True,398,862
66,"[#6X1,#6X2:1]#[#7X1,#7X2+1:2]",0.3258,0.3569543697190243,True,944,2180
67,"[#6X3$(*=[#6]):1]-[#6X1,#6X2:2]",0.0333,0.24652089118063475,True,215,497
68,[#6X3$(*=[#6]):1]-[#6X3$(*=[#6]):2],0.0,0.018114515028731848,True,9203,72375
69,"[#6X3$(*=[#6]):1]-[#6X3$(*=[#7,#15]):2]",-0.0866,0.01683654782918631,True,4513,12911
70,"[#6X3$(*=[#6]):1]-[#6X3$(*=[#8,#16]):2]",-0.0172,0.06316205226611624,True,3624,9472
71,"[#6X3$(*=[#6]):1]-[#6a$(*~[#7aX2,#8aX2]):2]",-0.1098,0.0,False,0,0
72,[#6X3$(*=[#6]):1]-[#6a:2],0.0118,0.8417488478730343,True,1,3
73,"[#6X3$(*=[#6]):1]-[#7X3ar5,#7X3+1,#7X3+0$(*-[#6X3$(*=[#7X3+1])]),$([#7X3](-[#8X1-1])=[#8X1]),$([#7X3](=[#8X1])=[#8X1]):2]",-0.0271,0.05147676725361233,True,3010,8110
74,"[#6X3$(*=[#6]):1]-[#7X2-1$(*-[#6X3$(*=[#8X1,#16X1])]),#7X3$(*-[#6X3$(*=[#8X1,#16X1])]):2]",0.0026,0.044735195923817944,True,1679,3897
75,"[#6X3$(*=[#6]):1]-[#7X4,#7X3,#7X2-1:2]",0.082,-0.027836188282996555,True,2941,7576
76,"[#6X3$(*=[#6]):1]-[#7X1,#7X2+1:2]",0.4897,-0.1711330251972476,True,26,54
77,"[#6X3$(*=[#6]):1]-[#7X2+0,#7X2-1ar5:2]",0.1406,0.19085929524643827,True,4447,12234
78,"[#6X3$(*=[#6]):1]-[#8X1,#8X2:2]",0.0441,0.07103216837220644,True,3718,10985
79,[#6X3$(*=[#6]):1]-[#16X4:2],0.4509,0.05142471192217128,True,797,1740
80,[#6X3$(*=[#6]):1]-[#16X3:2],0.4307,0.11500702922441505,True,62,142
81,"[#6X3$(*=[#6]):1]-[#16X1,#16X2:2]",0.2406,0.001931470955511383,True,2056,5670
82,[#6X3$(*=[#6]):1]-[#14X4:2],0.2128,0.0,False,0,0
83,[#6X3$(*=[#6]):1]-[#9:2],0.0625,0.13121788066020357,True,1196,3480
84,[#6X3$(*=[#6]):1]-[#17:2],0.0844,0.07460524049645614,True,1720,5073
85,[#6X3$(*=[#6]):1]-[#35:2],0.1257,0.07513533938948999,True,729,1915
86,[#6X3$(*=[#6]):1]-[#53:2],0.2728,0.13010162887324755,True,11,22
87,[#6X3$(*=[#6]):1]-[#1:2],0.0,-0.15605774893292873,True,10244,106921
88,"[#6X3$(*=[#6]):1]=[#6X1,#6X2:2]",-0.0631,-0.04906981528105482,True,40,113
89,[#6X3$(*=[#6]):1]=[#6X3$(*=[#6]):2],0.0,0.011470648086502111,True,10952,95246
90,"[#6X3$(*=[#7,#15]):1]-[#6X1,#6X2:2]",0.0302,0.08668661649207612,True,19,41
91,"[#6X3$(*=[#7,#15]):1]-[#6X3$(*=[#7,#15]):2]",0.0,0.006230377909355475,True,521,1083
92,"[#6X3$(*=[#7,#15]):1]-[#6X3$(*=[#8,#16]):2]",0.0693,0.0781820736218885,True,404,846
93,"[#6X3$(*=[#7,#15]):1]-[#6a$(*~[#7aX2,#8aX2]):2]",-0.0297,0.0,False,0,0
94,"[#6X3$(*=[#7,#15]):1]-[#6a:2]",0.0839,0.0,False,0,0
95,"[#6X3$(*=[#7,#15]):1]-[#7X3ar5,#7X3+1,#7X3+0$(*-[#6X3$(*=[#7X3+1])]),$([#7X3](-[#8X1-1])=[#8X1]),$([#7X3](=[#8X1])=[#8X1]):2]",0.0388,0.019972215585433106,True,1662,3901
96,"[#6X3$(*=[#7,#15]):1]-[#7X2-1$(*-[#6X3$(*=[#8X1,#16X1])]),#7X3$(*-[#6X3$(*=[#8X1,#16X1])]):2]",0.0069,-0.01668047886800675,True,620,1273
97,"[#6X3$(*=[#7,#15]):1]-[#7X4,#7X3,#7X2-1:2]",0.1522,-0.03351002443777418,True,2062,5093
98,"[#6X3$(*=[#7,#15]):1]-[#7X1,#7X2+1:2]",0.2406,0.2209981184245489,True,1,2
99,"[#6X3$(*=[#7,#15]):1]-[#7X2+0,#7X2-1ar5:2]",0.2193,0.2072628884310605,True,1509,3607
100,"[#6X3$(*=[#7,#15]):1]-[#8X1,#8X2:2]",0.1336,0.11289516976407403,True,756,1675
101,"[#6X3$(*=[#7,#15]):1]-[#16X4:2]",0.5077,0.026613644978316243,True,46,94
102,"[#6X3$(*=[#7,#15]):1]-[#16X3:2]",0.4296,0.07376517542347825,True,22,44
103,"[#6X3$(*=[#7,#15]):1]-[#16X1,#16X2:2]",0.2242,0.011240731947348565,True,1251,2873
104,"[#6X3$(*=[#7,#15]):1]-[#9:2]",0.1055,0.1866251731628526,True,17,40
105,"[#6X3$(*=[#7,#15]):1]-[#17:2]",0.1123,0.11151573323212402,True,125,276
106,"[#6X3$(*=[#7,#15]):1]-[#35:2]",0.1253,0.1026591328027369,True,43,90
107,"[#6X3$(*=[#7,#15]):1]-[#53:2]",0.2752,0.0,False,0,0
108,"[#6X3$(*=[#7,#15]):1]-[#1:2]",0.1292,-0.08294783836732011,True,3060,7647
109,"[#6X3$(*=[#7,#15]):1]=[#7X3ar5,#7X3+1,#7X3+0$(*-[#6X3$(*=[#7X3+1])]),$([#7X3](-[#8X1-1])=[#8X1]),$([#7X3](=[#8X1])=[#8X1]):2]",0.0547,0.6097677861408493,True,495,1034
110,"[#6X3$(*=[#7,#15]):1]=[#7X1,#7X2+1:2]",0.1624,-0.2892787574000007,True,17,34
111,"[#6X3$(*=[#7,#15]):1]=[#7X2+0,#7X2-1ar5:2]",0.2877,0.28584418098766873,True,6644,23932
112,"[#6X3$(*=[#8,#16]):1]-[#6X1,#6X2:2]",-0.0308,-0.004562241204902921,True,26,54
113,"[#6X3$(*=[#8,#16]):1]-[#6X3$(*=[#8,#16]):2]",0.0,-0.02980949243617699,True,124,260
114,"[#6X3$(*=[#8,#16]):1]-[#6a$(*~[#7aX2,#8aX2]):2]",-0.0895,0.0,False,0,0
115,"[#6X3$(*=[#8,#16]):1]-[#6a:2]",0.0206,0.0,False,0,0
116,"[#6X3$(*=[#8,#16]):1]-[#7X3ar5,#7X3+1,#7X3+0$(*-[#6X3$(*=[#7X3+1])]),$([#7X3](-[#8X1-1])=[#8X1]),$([#7X3](=[#8X1])=[#8X1]):2]",-0.0432,0.18949819009738755,True,92,186
117,"[#6X3$(*=[#8,#16]):1]-[#7X2-1$(*-[#6X3$(*=[#8X1,#16X1])]),#7X3$(*-[#6X3$(*=[#8X1,#16X1])]):2]",0.067,0.0223557556007003,True,5471,20069
118,"[#6X3$(*=[#8,#16]):1]-[#7X1,#7X2+1:2]",0.007,0.0,False,0,0
119,"[#6X3$(*=[#8,#16]):1]-[#7X2+0,#7X2-1ar5:2]",0.1394,0.09486962259096232,True,368,770
120,"[#6X3$(*=[#8,#16]):1]-[#8X1,#8X2:2]",0.0901,0.1447453584818929,True,2242,5196
121,"[#6X3$(*=[#8,#16]):1]-[#16X4:2]",0.484,0.04788358362042063,True,4,8
122,"[#6X3$(*=[#8,#16]):1]-[#16X3:2]",0.4319,0.04776662608982396,True,1,2
123,"[#6X3$(*=[#8,#16]):1]-[#16X1,#16X2:2]",0.1826,0.07863674319622216,True,247,542
124,"[#6X3$(*=[#8,#16]):1]-[#9:2]",0.1115,0.22624817611672693,True,6,15
125,"[#6X3$(*=[#8,#16]):1]-[#17:2]",0.0486,0.11283210370977408,True,13,28
126,"[#6X3$(*=[#8,#16]):1]-[#35:2]",0.1106,0.0,False,0,0
127,"[#6X3$(*=[#8,#16]):1]-[#53:2]",0.2601,0.0,False,0,0
128,"[#6X3$(*=[#8,#16]):1]-[#1:2]",0.0928,-0.07842089547781772,True,195,433
129,"[#6X3$(*=[#8,#16]):1]=[#8X1$(*=[#6r]@[#7r,#8r]):2]",0.2755,0.541008542907611,True,2771,7388
130,"[#6X3$(*=[#8,#16]):1]=[#8X1$(*=[#6X3]-[#8X2]):2]",0.189,0.5147107898161727,True,1759,4002
131,"[#6X3$(*=[#8,#16]):1]=[#8X1,#8X2:2]",0.2391,0.5217326541903349,True,4689,16648
132,"[#6X3$(*=[#8,#16]):1]=[#16X4:2]",0.5617,-0.6932701744302412,True,7,15
133,"[#6X3$(*=[#8,#16]):1]=[#16X3:2]",0.4447,-0.6063714861338048,True,1,2
134,"[#6X3$(*=[#8,#16]):1]=[#16X1,#16X2:2]",0.2834,0.4151126422149589,True,455,984
135,"[#6a$(*~[#7aX2,#8aX2]):1]-[#6a$(*~[#7aX2,#8aX2]):2]",0.0,0.0,False,0,0
136,"[#6a$(*~[#7aX2,#8aX2]):1]-[#7X3ar5,#7X3+1,#7X3+0$(*-[#6X3$(*=[#7X3+1])]),$([#7X3](-[#8X1-1])=[#8X1]),$([#7X3](=[#8X1])=[#8X1]):2]",0.0635,0.0,False,0,0
137,"[#6a$(*~[#7aX2,#8aX2]):1]-[#7X2-1$(*-[#6X3$(*=[#8X1,#16X1])]),#7X3$(*-[#6X3$(*=[#8X1,#16X1])]):2]",0.0799,0.0,False,0,0
138,"[#6a$(*~[#7aX2,#8aX2]):1]-[#7X4,#7X3,#7X2-1:2]",0.1929,0.6450832876739391,True,1,2
139,"[#6a$(*~[#7aX2,#8aX2]):1]-[#7X1,#7X2+1:2]",0.21,0.0,False,0,0
140,"[#6a$(*~[#7aX2,#8aX2]):1]-[#7X2+0,#7X2-1ar5:2]",0.219,0.0,False,0,0
141,"[#6a$(*~[#7aX2,#8aX2]):1]-[#8X1,#8X2:2]",0.1703,0.0,False,0,0
142,"[#6a$(*~[#7aX2,#8aX2]):1]-[#16X4:2]",0.5169,0.0,False,0,0
143,"[#6a$(*~[#7aX2,#8aX2]):1]-[#16X3:2]",0.5416,0.0,False,0,0
144,"[#6a$(*~[#7aX2,#8aX2]):1]-[#16X1,#16X2:2]",0.3273,0.0,False,0,0
145,"[#6a$(*~[#7aX2,#8aX2]):1]-[#9:2]",0.1402,0.0,False,0,0
146,"[#6a$(*~[#7aX2,#8aX2]):1]-[#17:2]",0.166,0.0,False,0,0
147,"[#6a$(*~[#7aX2,#8aX2]):1]-[#35:2]",0.2312,0.0,False,0,0
148,"[#6a$(*~[#7aX2,#8aX2]):1]-[#53:2]",0.3528,0.0,False,0,0
149,"[#6a$(*~[#7aX2,#8aX2]):1]-[#1:2]",0.1369,0.0,False,0,0
150,"[#6a$(*~[#7aX2,#8aX2]):1]:[#6a$(*~[#7aX2,#8aX2]):2]",0.0,0.0,False,0,0
151,"[#6a$(*~[#7aX2,#8aX2]):1]:[#7X3ar5,#7X3+1,#7X3+0$(*-[#6X3$(*=[#7X3+1])]),$([#7X3](-[#8X1-1])=[#8X1]),$([#7X3](=[#8X1])=[#8X1]):2]",0.0885,0.0,False,0,0
152,"[#6a$(*~[#7aX2,#8aX2]):1]:[#7X2+0,#7X2-1ar5:2]",0.263,0.0,False,0,0
153,"[#6a$(*~[#7aX2,#8aX2]):1]:[#8X1,#8X2:2]",0.1294,0.0,False,0,0
154,"[#6a$(*~[#7aX2,#8aX2]):1]:[#16X1,#16X2:2]",0.3144,0.0,False,0,0
155,"[#6a:1]-[#6a$(*~[#7aX2,#8aX2]):2]",-0.1075,0.0,False,0,0
156,[#6a:1]-[#6a:2],0.0,0.0,False,0,0
157,"[#6a:1]-[#7X3ar5,#7X3+1,#7X3+0$(*-[#6X3$(*=[#7X3+1])]),$([#7X3](-[#8X1-1])=[#8X1]),$([#7X3](=[#8X1])=[#8X1]):2]",-0.0452,0.0,False,0,0
158,"[#6a:1]-[#7X2-1$(*-[#6X3$(*=[#8X1,#16X1])]),#7X3$(*-[#6X3$(*=[#8X1,#16X1])]):2]",-0.0074,0.0,False,0,0
159,"[#6a:1]-[#7X4,#7X3,#7X2-1:2]",0.0816,-0.1973199950775043,True,1,2
160,"[#6a:1]-[#7X1,#7X2+1:2]",0.1877,0.0,False,0,0
161,"[#6a:1]-[#7X2+0,#7X2-1ar5:2]",0.1394,0.0,False,0,0
162,"[#6a:1]-[#8X1,#8X2:2]",0.0451,0.0,False,0,0
163,[#6a:1]-[#16X4:2],0.4445,0.0,False,0,0
164,[#6a:1]-[#16X3:2],0.4285,0.0,False,0,0
165,"[#6a:1]-[#16X1,#16X2:2]",0.2269,0.0,False,0,0
166,[#6a:1]-[#14X4:2],0.1938,0.0,False,0,0
167,[#6a:1]-[#9:2],0.0349,0.0,False,0,0
168,[#6a:1]-[#17:2],0.0784,0.0,False,0,0
169,[#6a:1]-[#35:2],0.1401,0.0,False,0,0
170,[#6a:1]-[#53:2],0.2859,0.0,False,0,0
171,[#6a:1]-[#1:2],0.0,0.0,False,0,0
172,"[#6a:1]:[#6a$(*~[#7aX2,#8aX2]):2]",-0.0653,0.0,False,0,0
173,[#6a:1]:[#6a:2],0.0,0.0,False,0,0
174,"[#6a:1]:[#7X3ar5,#7X3+1,#7X3+0$(*-[#6X3$(*=[#7X3+1])]),$([#7X3](-[#8X1-1])=[#8X1]),$([#7X3](=[#8X1])=[#8X1]):2]",-0.0243,0.0,False,0,0
175,"[#6a:1]:[#8X1,#8X2:2]",-0.1518,0.0,False,0,0
176,"[#6a:1]:[#16X1,#16X2:2]",0.2699,0.0,False,0,0
177,"[#7X3ar5,#7X3+1,#7X3+0$(*-[#6X3$(*=[#7X3+1])]),$([#7X3](-[#8X1-1])=[#8X1]),$([#7X3](=[#8X1])=[#8X1]):1]-[#7X3ar5,#7X3+1,#7X3+0$(*-[#6X3$(*=[#7X3+1])]),$([#7X3](-[#8X1-1])=[#8X1]),$([#7X3](=[#8X1])=[#8X1]):2]",0.0,0.30364113747594246,True,17,35
178,"[#7X3ar5,#7X3+1,#7X3+0$(*-[#6X3$(*=[#7X3+1])]),$([#7X3](-[#8X1-1])=[#8X1]),$([#7X3](=[#8X1])=[#8X1]):1]-[#7X2+0,#7X2-1ar5:2]",0.1794,0.21213657772780148,True,1333,2970
179,"[#7X3ar5,#7X3+1,#7X3+0$(*-[#6X3$(*=[#7X3+1])]),$([#7X3](-[#8X1-1])=[#8X1]),$([#7X3](=[#8X1])=[#8X1]):1]-[#8X1,#8X2:2]",0.0202,-0.03218717907487312,True,51,109
180,"[#7X3ar5,#7X3+1,#7X3+0$(*-[#6X3$(*=[#7X3+1])]),$([#7X3](-[#8X1-1])=[#8X1]),$([#7X3](=[#8X1])=[#8X1]):1]-[#16X4:2]",0.3418,-0.2125161170261269,True,31,65
181,"[#7X3ar5,#7X3+1,#7X3+0$(*-[#6X3$(*=[#7X3+1])]),$([#7X3](-[#8X1-1])=[#8X1]),$([#7X3](=[#8X1])=[#8X1]):1]-[#16X1,#16X2:2]",0.2024,-0.06697275610577616,True,3,6
182,"[#7X3ar5,#7X3+1,#7X3+0$(*-[#6X3$(*=[#7X3+1])]),$([#7X3](-[#8X1-1])=[#8X1]),$([#7X3](=[#8X1])=[#8X1]):1]-[#14X4:2]",0.1766,0.0,False,0,0
183,"[#7X3ar5,#7X3+1,#7X3+0$(*-[#6X3$(*=[#7X3+1])]),$([#7X3](-[#8X1-1])=[#8X1]),$([#7X3](=[#8X1])=[#8X1]):1]-[#9:2]",0.0561,0.0,False,0,0
184,"[#7X3ar5,#7X3+1,#7X3+0$(*-[#6X3$(*=[#7X3+1])]),$([#7X3](-[#8X1-1])=[#8X1]),$([#7X3](=[#8X1])=[#8X1]):1]-[#17:2]",0.0642,0.0,False,0,0
185,"[#7X3ar5,#7X3+1,#7X3+0$(*-[#6X3$(*=[#7X3+1])]),$([#7X3](-[#8X1-1])=[#8X1]),$([#7X3](=[#8X1])=[#8X1]):1]-[#35:2]",0.1802,-0.13713441296900203,True,1,2
186,"[#7X3ar5,#7X3+1,#7X3+0$(*-[#6X3$(*=[#7X3+1])]),$([#7X3](-[#8X1-1])=[#8X1]),$([#7X3](=[#8X1])=[#8X1]):1]-[#1:2]",-0.0497,-0.41997653007337865,True,1177,3093
187,"[#7X3ar5,#7X3+1,#7X3+0$(*-[#6X3$(*=[#7X3+1])]),$([#7X3](-[#8X1-1])=[#8X1]),$([#7X3](=[#8X1])=[#8X1]):1]=[#7X2+0,#7X2-1ar5:2]",0.1731,0.022441956734964325,True,28,58
188,"[#7X3ar5,#7X3+1,#7X3+0$(*-[#6X3$(*=[#7X3+1])]),$([#7X3](-[#8X1-1])=[#8X1]),$([#7X3](=[#8X1])=[#8X1]):1]:[#7X3ar5,#7X3+1,#7X3+0$(*-[#6X3$(*=[#7X3+1])]),$([#7X3](-[#8X1-1])=[#8X1]),$([#7X3](=[#8X1])=[#8X1]):2]",0.0,0.0,False,0,0
189,"[#7X3ar5,#7X3+1,#7X3+0$(*-[#6X3$(*=[#7X3+1])]),$([#7X3](-[#8X1-1])=[#8X1]),$([#7X3](=[#8X1])=[#8X1]):1]:[#7X2+0,#7X2-1ar5:2]",0.1698,0.0,False,0,0
190,"[#7X3ar5,#7X3+1,#7X3+0$(*-[#6X3$(*=[#7X3+1])]),$([#7X3](-[#8X1-1])=[#8X1]),$([#7X3](=[#8X1])=[#8X1]):1]:[#8X1,#8X2:2]",0.0677,0.0,False,0,0
191,"[#7X3ar5,#7X3+1,#7X3+0$(*-[#6X3$(*=[#7X3+1])]),$([#7X3](-[#8X1-1])=[#8X1]),$([#7X3](=[#8X1])=[#8X1]):1]:[#16X1,#16X2:2]",0.1565,0.0,False,0,0
192,"[#7X2-1$(*-[#6X3$(*=[#8X1,#16X1])]),#7X3$(*-[#6X3$(*=[#8X1,#16X1])]):1]-[#7X3ar5,#7X3+1,#7X3+0$(*-[#6X3$(*=[#7X3+1])]),$([#7X3](-[#8X1-1])=[#8X1]),$([#7X3](=[#8X1])=[#8X1]):2]",-0.0327,0.09683107406905553,True,15,30
193,"[#7X2-1$(*-[#6X3$(*=[#8X1,#16X1])]),#7X3$(*-[#6X3$(*=[#8X1,#16X1])]):1]-[#7X2-1$(*-[#6X3$(*=[#8X1,#16X1])]),#7X3$(*-[#6X3$(*=[#8X1,#16X1])]):2]",0.0,0.00719508777348145,True,62,124
194,"[#7X2-1$(*-[#6X3$(*=[#8X1,#16X1])]),#7X3$(*-[#6X3$(*=[#8X1,#16X1])]):1]-[#7X1,#7X2+1:2]",0.0235,0.0,False,0,0
195,"[#7X2-1$(*-[#6X3$(*=[#8X1,#16X1])]),#7X3$(*-[#6X3$(*=[#8X1,#16X1])]):1]-[#7X2+0,#7X2-1ar5:2]",0.1326,0.10038778355180075,True,334,695
196,"[#7X2-1$(*-[#6X3$(*=[#8X1,#16X1])]),#7X3$(*-[#6X3$(*=[#8X1,#16X1])]):1]-[#8X1,#8X2:2]",-0.0059,0.014623396204550002,True,171,342
197,"[#7X2-1$(*-[#6X3$(*=[#8X1,#16X1])]),#7X3$(*-[#6X3$(*=[#8X1,#16X1])]):1]-[#16X4:2]",0.3322,-0.12562826890368586,True,92,189
198,"[#7X2-1$(*-[#6X3$(*=[#8X1,#16X1])]),#7X3$(*-[#6X3$(*=[#8X1,#16X1])]):1]-[#16X3:2]",0.3657,0.005633624984078937,True,5,11
199,"[#7X2-1$(*-[#6X3$(*=[#8X1,#16X1])]),#7X3$(*-[#6X3$(*=[#8X1,#16X1])]):1]-[#16X1,#16X2:2]",0.1593,-0.02942731862195428,True,38,79
200,"[#7X2-1$(*-[#6X3$(*=[#8X1,#16X1])]),#7X3$(*-[#6X3$(*=[#8X1,#16X1])]):1]-[#9:2]",-0.0155,0.0,False,0,0
201,"[#7X2-1$(*-[#6X3$(*=[#8X1,#16X1])]),#7X3$(*-[#6X3$(*=[#8X1,#16X1])]):1]-[#17:2]",-0.0015,-0.13965305007690396,True,2,10
202,"[#7X2-1$(*-[#6X3$(*=[#8X1,#16X1])]),#7X3$(*-[#6X3$(*=[#8X1,#16X1])]):1]-[#35:2]",0.0838,-0.11359765243287534,True,2,6
203,"[#7X2-1$(*-[#6X3$(*=[#8X1,#16X1])]),#7X3$(*-[#6X3$(*=[#8X1,#16X1])]):1]-[#53:2]",0.2067,0.0,False,0,0
204,"[#7X2-1$(*-[#6X3$(*=[#8X1,#16X1])]),#7X3$(*-[#6X3$(*=[#8X1,#16X1])]):1]-[#1:2]",-0.0865,-0.3289126247798577,True,3785,15243
205,"[#7X4,#7X3,#7X2-1:1]-[#7X3ar5,#7X3+1,#7X3+0$(*-[#6X3$(*=[#7X3+1])]),$([#7X3](-[#8X1-1])=[#8X1]),$([#7X3](=[#8X1])=[#8X1]):2]",-0.1185,0.19070516801736107,True,40,82
206,"[#7X4,#7X3,#7X2-1:1]-[#7X2-1$(*-[#6X3$(*=[#8X1,#16X1])]),#7X3$(*-[#6X3$(*=[#8X1,#16X1])]):2]",-0.0302,0.05898878443050627,True,220,458
207,"[#7X4,#7X3,#7X2-1:1]-[#7X4,#7X3,#7X2-1:2]",0.0,0.0035576609366899034,True,201,425
208,"[#7X4,#7X3,#7X2-1:1]-[#7X2+0,#7X2-1ar5:2]",0.0867,0.15406702668746913,True,399,835
209,"[#7X4,#7X3,#7X2-1:1]-[#8X1,#8X2:2]",-0.0517,-0.03801945013283576,True,182,412
210,"[#7X4,#7X3,#7X2-1:1]-[#16X4:2]",0.3359,-0.05171796180639175,True,624,1329
211,"[#7X4,#7X3,#7X2-1:1]-[#16X3:2]",0.3531,-0.07943606402748625,True,9,19
212,"[#7X4,#7X3,#7X2-1:1]-[#16X1,#16X2:2]",0.0757,-0.07078732835615735,True,30,65
213,"[#7X4,#7X3,#7X2-1:1]-[#14X4:2]",0.1037,0.0,False,0,0
214,"[#7X4,#7X3,#7X2-1:1]-[#9:2]",-0.0204,0.12179937250277903,True,10,41
215,"[#7X4,#7X3,#7X2-1:1]-[#17:2]",-0.0369,0.009728949157071658,True,11,35
216,"[#7X4,#7X3,#7X2-1:1]-[#35:2]",0.0876,0.026829547018335707,True,4,10
217,"[#7X4,#7X3,#7X2-1:1]-[#53:2]",0.1898,0.0,False,0,0
218,"[#7X4,#7X3,#7X2-1:1]-[#1:2]",-0.2048,-0.37563353996750587,True,4166,12717
219,"[#7X1,#7X2+1:1]-[#1:2]",-0.1634,0.0,False,0,0
220,"[#7X1,#7X2+1:1]=[#7X1,#7X2+1:2]",0.0,0.8919188632694691,True,72,155
221,"[#7X1,#7X2+1:1]#[#7X1,#7X2+1:2]",0.0,-0.6309722495384892,True,10,20
222,"[#7X1,#7X2+1:1]-[#16X1,#16X2:2]",0.1473,0.0,False,0,0
223,"[#7X2+0,#7X2-1ar5:1]-[#7X1,#7X2+1:2]",0.1043,0.0,False,0,0
224,"[#7X2+0,#7X2-1ar5:1]-[#7X2+0,#7X2-1ar5:2]",0.0,-0.005203246114759155,True,608,1236
225,"[#7X2+0,#7X2-1ar5:1]-[#8X1,#8X2:2]",-0.0985,-0.10150228325476846,True,576,1240
226,"[#7X2+0,#7X2-1ar5:1]-[#16X4:2]",0.2714,-0.1282709170934315,True,52,108
227,"[#7X2+0,#7X2-1ar5:1]-[#16X3:2]",0.1731,-0.08653297736396909,True,4,9
228,"[#7X2+0,#7X2-1ar5:1]-[#16X1,#16X2:2]",0.0315,-0.21707300457280973,True,127,286
229,"[#7X2+0,#7X2-1ar5:1]-[#14X4:2]",0.115,0.0,False,0,0
230,"[#7X2+0,#7X2-1ar5:1]-[#9:2]",-0.0554,-0.0094172412683588,True,2,6
231,"[#7X2+0,#7X2-1ar5:1]-[#17:2]",-0.0603,-0.03497050308532735,True,3,10
232,"[#7X2+0,#7X2-1ar5:1]-[#35:2]",0.0192,-0.07837634161273682,True,2,6
233,"[#7X2+0,#7X2-1ar5:1]-[#53:2]",0.1171,0.0,False,0,0
234,"[#7X2+0,#7X2-1ar5:1]-[#1:2]",-0.2444,-0.39786296903985413,True,279,612
235,"[#7X2+0,#7X2-1ar5:1]=[#7X1,#7X2+1:2]",0.004,-0.3288371269737675,True,55,122
236,"[#7X2+0,#7X2-1ar5:1]=[#7X2+0,#7X2-1ar5:2]",0.0,-0.0512936083097259,True,728,1504
237,"[#7X2+0,#7X2-1ar5:1]=[#8X1,#8X2:2]",-0.0467,0.15454277653049972,True,119,268
238,"[#7X2+0,#7X2-1ar5:1]=[#16X4:2]",0.4265,-0.44330390630701016,True,18,37
239,"[#7X2+0,#7X2-1ar5:1]=[#16X3:2]",0.3764,-0.6979137694936126,True,4,8
240,"[#7X2+0,#7X2-1ar5:1]=[#16X1,#16X2:2]",0.1684,-0.40714063993364974,True,4,10
241,"[#7X2+0,#7X2-1ar5:1]:[#7X2+0,#7X2-1ar5:2]",0.0,0.0,False,0,0
242,"[#7X2+0,#7X2-1ar5:1]:[#8X1,#8X2:2]",-0.0723,0.0,False,0,0
243,"[#7X2+0,#7X2-1ar5:1]:[#16X1,#16X2:2]",0.0419,0.0,False,0,0
244,"[#8X1,#8X2:1]-[#8X1,#8X2:2]",0.0,-0.005010685457420625,True,61,148
245,"[#8X1,#8X2:1]-[#16X4:2]",0.2093,-0.0979915671781695,True,213,551
246,"[#8X1,#8X2:1]-[#16X3:2]",0.2152,-0.07186381821539842,True,18,44
247,"[#8X1,#8X2:1]-[#16X1,#16X2:2]",0.0442,-0.1085398267264027,True,8,20
248,"[#8X1,#8X2:1]-[#14X4:2]",0.0083,0.0,False,0,0
249,"[#8X1,#8X2:1]-[#9:2]",0.0375,0.0,False,0,0
250,"[#8X1,#8X2:1]-[#17:2]",0.0014,0.0,False,0,0
251,"[#8X1,#8X2:1]-[#35:2]",0.0699,0.0,False,0,0
252,"[#8X1,#8X2:1]-[#53:2]",0.1712,0.0,False,0,0
253,"[#8X1,#8X2:1]-[#1:2]",-0.201,-0.43553101542265826,True,3437,9473
254,"[#8X1,#8X2:1]=[#16X4:2]",0.2792,-0.5886705830408606,True,1346,4335
255,"[#8X1,#8X2:1]=[#16X3:2]",0.2718,-0.4826486626507487,True,150,305
256,"[#8X1,#8X2:1]=[#16X1,#16X2:2]",0.1583,-0.4699891746621012,True,5,12
257,"[#8X1,#8X2:1]:[#16X1,#16X2:2]",0.0983,0.0,False,0,0
258,"[#8X1,#8X2:1]~[#16X4:2]",0.3228,0.0,False,0,0
259,"[#8X1,#8X2:1]~[#16X3:2]",0.3916,0.0,False,0,0
260,"[#8X1,#8X2:1]~[#16X1,#16X2:2]",0.153,0.0,False,0,0
261,[#16X4:1]-[#9:2],-0.2041,0.2256872653798916,True,11,26
262,[#16X4:1]-[#17:2],-0.2761,0.22644160705242508,True,11,24
263,[#16X4:1]-[#35:2],-0.197,0.0,False,0,0
264,[#16X4:1]-[#53:2],-0.149,0.0,False,0,0
265,[#16X4:1]-[#1:2],-0.4588,0.0,False,0,0
266,[#16X3:1]-[#16X3:2],0.0,0.0,False,0,0
267,[#16X3:1]-[#17:2],-0.235,0.15097422471610555,True,3,6
268,[#16X3:1]-[#1:2],-0.404,0.0,False,0,0
269,"[#16X1,#16X2:1]-[#16X4:2]",0.2971,-0.15639277083095965,True,15,34
270,"[#16X1,#16X2:1]-[#16X3:2]",0.2576,-0.09031840546960532,True,6,12
271,"[#16X1,#16X2:1]-[#16X1,#16X2:2]",0.0,-0.0011573025679631806,True,157,332
272,"[#16X1,#16X2:1]-[#14X4:2]",-0.0936,0.0,False,0,0
273,"[#16X1,#16X2:1]-[#9:2]",-0.0547,0.1706583661512032,True,1,4
274,"[#16X1,#16X2:1]-[#17:2]",-0.026,0.05721716297732338,True,3,6
275,"[#16X1,#16X2:1]-[#35:2]",0.1105,0.21057284290631875,True,2,6
276,"[#16X1,#16X2:1]-[#1:2]",-0.1718,-0.2018126978307347,True,235,538
277,"[#16X1,#16X2:1]=[#16X3:2]",0.3295,0.0,False,0,0
278,"[#16X1,#16X2:1]:[#16X1,#16X2:2]",0.0,0.0,False,0,0
279,"[#16X1,#16X2:1]~[#16X4:2]",0.5218,0.0,False,0,0
280,[#14X4:1]-[#17:2],-0.0555,0.0,False,0,0
281,[#14X4:1]-[#1:2],-0.0258,0.0,False,0,0
