parameter_index,smirks,original_value,covered_molecule_count,nonzero_atom_count
0,[#6X4:1]-[#16X1-1:2],0.0833,51,104
1,"[#6X1,#6X2:1]-[#16X1-1:2]",0.3281,1,2
2,[#6X3$(*=[#6]):1]-[#16X1-1:2],0.1879,2,4
3,"[#6X3$(*=[#7,#15]):1]-[#16X1-1:2]",0.1969,0,0
4,"[#6X3:1](~[#8X1,#16X1])(~[#16X1:2])",0.1713,5,16
5,"[#6a$(*~[#7aX2,#8aX2]):1]-[#16X1-1:2]",0.3476,0,0
6,[#6a:1]-[#16X1-1:2],0.2541,0,0
7,"[$([#7X3](-[#8X1])=[#8X1]),$([#7X3](=[#8X1])=[#8X1]):1]~[#8X1:2]",-0.15,496,1722
8,[#7X3+1:1]-[#8X1-1:2],0.1317,166,361
9,[#7X3$(*-[#6X3$(*=[#8])]):1]-[#8X1-1:2],0.0465,0,0
10,[#7X4+1:1]-[#8X1-1:2],-0.1168,53,110
11,"[#7X1,#7X2+1:1]-[#8X1-1:2]",-0.0543,5,12
12,[#7X2+0:1]-[#8X1-1:2],-0.0817,0,0
13,[#6X4:1]-[#8X1-1:2],0.1615,5,10
14,"[#6X1,#6X2:1]-[#8X1-1:2]",0.2549,1,2
15,[#6X3$(*=[#6]):1]-[#8X1-1:2],0.1844,39,82
16,"[#6X3$(*=[#7,#15]):1]-[#8X1-1:2]",0.3046,4,8
17,"[#6X3:1](~[#8X1,#16X1])(~[#8X1:2])",0.2653,279,894
18,"[#6a$(*~[#7aX2,#8aX2]):1]-[#8X1-1:2]",0.337,0,0
19,[#6a:1]-[#8X1-1:2],0.2797,0,0
20,[#6X4:1]-[#6X4:2],0.0,12398,56191
21,"[#6X4:1]-[#6X1,#6X2:2]",-0.0269,694,1698
22,[#6X4:1]-[#6X3$(*=[#6]):2],0.0024,8989,31283
23,"[#6X4:1]-[#6X3$(*=[#7,#15]):2]",-0.0753,2756,6386
24,"[#6X4:1]-[#6X3$(*=[#8,#16]):2]",-0.05,5691,22009
25,"[#6X4:1]-[#6a$(*~[#7aX2,#8aX2]):2]",-0.0943,0,0
26,[#6X4:1]-[#6a:2],0.0073,0,0
27,"[#6X4:1]-[#7X3ar5,#7X3+1,#7X3+0$(*-[#6X3$(*=[#7X3+1])]),$([#7X3](-[#8X1-1])=[#8X1]),$([#7X3](=[#8X1])=[#8X1]):2]",-0.0193,1561,3443
28,"[#6X4:1]-[#7X2-1$(*-[#6X3$(*=[#8X1,#16X1])]),#7X3$(*-[#6X3$(*=[#8X1,#16X1])]):2]",0.0374,4839,18124
29,"[#6X4:1]-[#7X4,#7X3,#7X2-1:2]",0.1582,5602,19261
30,"[#6X4:1]-[#7X1,#7X2+1:2]",0.1825,19,38
31,"[#6X4:1]-[#7X2+0,#7X2-1ar5:2]",0.1252,803,1753
32,"[#6X4:1]-[#8X1,#8X2:2]",0.0718,6411,21670
33,[#6X4:1]-[#16X4:2],0.4608,743,1747
34,[#6X4:1]-[#16X3:2],0.4263,136,325
35,"[#6X4:1]-[#16X1,#16X2:2]",0.1821,1985,5268
36,[#6X4:1]-[#14X4:2],0.154,0,0
37,[#6X4:1]-[#9:2],0.0713,1404,6850
38,[#6X4:1]-[#17:2],0.0734,450,1662
39,[#6X4:1]-[#35:2],0.1274,155,495
40,[#6X4:1]-[#53:2],0.3009,0,0
41,[#6X4:1]-[#1:2],0.0393,15241,256815
42,"[#6X1,#6X2:1]-[#6X1,#6X2:2]",0.0,26,60
43,"[#6X1,#6X2:1]-[#6a$(*~[#7aX2,#8aX2]):2]",-0.107,144,294
44,"[#6X1,#6X2:1]-[#6a:2]",0.004,541,1206
45,"[#6X1,#6X2:1]-[#7X3ar5,#7X3+1,#7X3+0$(*-[#6X3$(*=[#7X3+1])]),$([#7X3](-[#8X1-1])=[#8X1]),$([#7X3](=[#8X1])=[#8X1]):2]",-0.0543,0,0
46,"[#6X1,#6X2:1]-[#7X2-1$(*-[#6X3$(*=[#8X1,#16X1])]),#7X3$(*-[#6X3$(*=[#8X1,#16X1])]):2]",0.0062,5,10
47,"[#6X1,#6X2:1]-[#7X4,#7X3,#7X2-1:2]",0.0558,62,124
48,"[#6X1,#6X2:1]-[#7X1,#7X2+1:2]",0.0798,1,2
49,"[#6X1,#6X2:1]-[#7X2+0,#7X2-1ar5:2]",0.052,23,48
50,"[#6X1,#6X2:1]-[#8X1,#8X2:2]",0.0286,11,26
51,"[#6X1,#6X2:1]-[#16X4:2]",0.4018,2,4
52,"[#6X1,#6X2:1]-[#16X3:2]",0.4586,1,2
53,"[#6X1,#6X2:1]-[#16X1,#16X2:2]",0.2251,19,48
54,"[#6X1,#6X2:1]-[#14X4:2]",0.2343,0,0
55,"[#6X1,#6X2:1]-[#9:2]",0.0021,2,6
56,"[#6X1,#6X2:1]-[#17:2]",0.0899,7,16
57,"[#6X1,#6X2:1]-[#35:2]",0.2338,8,16
58,"[#6X1,#6X2:1]-[#53:2]",0.2886,0,0
59,"[#6X1,#6X2:1]-[#1:2]",0.0575,185,382
60,"[#6X1,#6X2:1]=[#6X1,#6X2:2]",0.0,0,0
61,"[#6X1,#6X2:1]=[#7X2+0,#7X2-1ar5:2]",0.2204,57,144
62,"[#6X1,#6X2:1]=[#8X1,#8X2:2]",0.2335,26,74
63,"[#6X1,#6X2:1]=[#16X3:2]",0.3052,0,0
64,"[#6X1,#6X2:1]=[#16X1,#16X2:2]",0.3429,29,58
65,"[#6X1,#6X2:1]#[#6X1,#6X2:2]",0.0,491,1082
66,"[#6X1,#6X2:1]#[#7X1,#7X2+1:2]",0.3258,1192,2754
67,"[#6X3$(*=[#6]):1]-[#6X1,#6X2:2]",0.0333,283,644
68,[#6X3$(*=[#6]):1]-[#6X3$(*=[#6]):2],0.0,11582,91078
69,"[#6X3$(*=[#6]):1]-[#6X3$(*=[#7,#15]):2]",-0.0866,5666,16178
70,"[#6X3$(*=[#6]):1]-[#6X3$(*=[#8,#16]):2]",-0.0172,4524,11810
71,"[#6X3$(*=[#6]):1]-[#6a$(*~[#7aX2,#8aX2]):2]",-0.1098,0,0
72,[#6X3$(*=[#6]):1]-[#6a:2],0.0118,1,3
73,"[#6X3$(*=[#6]):1]-[#7X3ar5,#7X3+1,#7X3+0$(*-[#6X3$(*=[#7X3+1])]),$([#7X3](-[#8X1-1])=[#8X1]),$([#7X3](=[#8X1])=[#8X1]):2]",-0.0271,3761,10148
74,"[#6X3$(*=[#6]):1]-[#7X2-1$(*-[#6X3$(*=[#8X1,#16X1])]),#7X3$(*-[#6X3$(*=[#8X1,#16X1])]):2]",0.0026,2133,4955
75,"[#6X3$(*=[#6]):1]-[#7X4,#7X3,#7X2-1:2]",0.082,3661,9453
76,"[#6X3$(*=[#6]):1]-[#7X1,#7X2+1:2]",0.4897,33,68
77,"[#6X3$(*=[#6]):1]-[#7X2+0,#7X2-1ar5:2]",0.1406,5602,15377
78,"[#6X3$(*=[#6]):1]-[#8X1,#8X2:2]",0.0441,4654,13816
79,[#6X3$(*=[#6]):1]-[#16X4:2],0.4509,990,2179
80,[#6X3$(*=[#6]):1]-[#16X3:2],0.4307,77,174
81,"[#6X3$(*=[#6]):1]-[#16X1,#16X2:2]",0.2406,2601,7146
82,[#6X3$(*=[#6]):1]-[#14X4:2],0.2128,0,0
83,[#6X3$(*=[#6]):1]-[#9:2],0.0625,1506,4457
84,[#6X3$(*=[#6]):1]-[#17:2],0.0844,2177,6355
85,[#6X3$(*=[#6]):1]-[#35:2],0.1257,923,2429
86,[#6X3$(*=[#6]):1]-[#53:2],0.2728,16,32
87,[#6X3$(*=[#6]):1]-[#1:2],0.0,12912,134441
88,"[#6X3$(*=[#6]):1]=[#6X1,#6X2:2]",-0.0631,45,130
89,[#6X3$(*=[#6]):1]=[#6X3$(*=[#6]):2],0.0,13814,119784
90,"[#6X3$(*=[#7,#15]):1]-[#6X1,#6X2:2]",0.0302,24,51
91,"[#6X3$(*=[#7,#15]):1]-[#6X3$(*=[#7,#15]):2]",0.0,667,1384
92,"[#6X3$(*=[#7,#15]):1]-[#6X3$(*=[#8,#16]):2]",0.0693,501,1052
93,"[#6X3$(*=[#7,#15]):1]-[#6a$(*~[#7aX2,#8aX2]):2]",-0.0297,0,0
94,"[#6X3$(*=[#7,#15]):1]-[#6a:2]",0.0839,0,0
95,"[#6X3$(*=[#7,#15]):1]-[#7X3ar5,#7X3+1,#7X3+0$(*-[#6X3$(*=[#7X3+1])]),$([#7X3](-[#8X1-1])=[#8X1]),$([#7X3](=[#8X1])=[#8X1]):2]",0.0388,2103,4951
96,"[#6X3$(*=[#7,#15]):1]-[#7X2-1$(*-[#6X3$(*=[#8X1,#16X1])]),#7X3$(*-[#6X3$(*=[#8X1,#16X1])]):2]",0.0069,813,1675
97,"[#6X3$(*=[#7,#15]):1]-[#7X4,#7X3,#7X2-1:2]",0.1522,2621,6460
98,"[#6X3$(*=[#7,#15]):1]-[#7X1,#7X2+1:2]",0.2406,1,2
99,"[#6X3$(*=[#7,#15]):1]-[#7X2+0,#7X2-1ar5:2]",0.2193,1927,4580
100,"[#6X3$(*=[#7,#15]):1]-[#8X1,#8X2:2]",0.1336,959,2123
101,"[#6X3$(*=[#7,#15]):1]-[#16X4:2]",0.5077,54,110
102,"[#6X3$(*=[#7,#15]):1]-[#16X3:2]",0.4296,32,64
103,"[#6X3$(*=[#7,#15]):1]-[#16X1,#16X2:2]",0.2242,1565,3606
104,"[#6X3$(*=[#7,#15]):1]-[#9:2]",0.1055,25,56
105,"[#6X3$(*=[#7,#15]):1]-[#17:2]",0.1123,154,338
106,"[#6X3$(*=[#7,#15]):1]-[#35:2]",0.1253,52,108
107,"[#6X3$(*=[#7,#15]):1]-[#53:2]",0.2752,0,0
108,"[#6X3$(*=[#7,#15]):1]-[#1:2]",0.1292,3853,9644
109,"[#6X3$(*=[#7,#15]):1]=[#7X3ar5,#7X3+1,#7X3+0$(*-[#6X3$(*=[#7X3+1])]),$([#7X3](-[#8X1-1])=[#8X1]),$([#7X3](=[#8X1])=[#8X1]):2]",0.0547,625,1312
110,"[#6X3$(*=[#7,#15]):1]=[#7X1,#7X2+1:2]",0.1624,21,44
111,"[#6X3$(*=[#7,#15]):1]=[#7X2+0,#7X2-1ar5:2]",0.2877,8365,30164
112,"[#6X3$(*=[#8,#16]):1]-[#6X1,#6X2:2]",-0.0308,28,62
113,"[#6X3$(*=[#8,#16]):1]-[#6X3$(*=[#8,#16]):2]",0.0,151,321
114,"[#6X3$(*=[#8,#16]):1]-[#6a$(*~[#7aX2,#8aX2]):2]",-0.0895,0,0
115,"[#6X3$(*=[#8,#16]):1]-[#6a:2]",0.0206,0,0
116,"[#6X3$(*=[#8,#16]):1]-[#7X3ar5,#7X3+1,#7X3+0$(*-[#6X3$(*=[#7X3+1])]),$([#7X3](-[#8X1-1])=[#8X1]),$([#7X3](=[#8X1])=[#8X1]):2]",-0.0432,116,234
117,"[#6X3$(*=[#8,#16]):1]-[#7X2-1$(*-[#6X3$(*=[#8X1,#16X1])]),#7X3$(*-[#6X3$(*=[#8X1,#16X1])]):2]",0.067,6932,25340
118,"[#6X3$(*=[#8,#16]):1]-[#7X1,#7X2+1:2]",0.007,0,0
119,"[#6X3$(*=[#8,#16]):1]-[#7X2+0,#7X2-1ar5:2]",0.1394,462,965
120,"[#6X3$(*=[#8,#16]):1]-[#8X1,#8X2:2]",0.0901,2775,6446
121,"[#6X3$(*=[#8,#16]):1]-[#16X4:2]",0.484,4,8
122,"[#6X3$(*=[#8,#16]):1]-[#16X3:2]",0.4319,1,2
123,"[#6X3$(*=[#8,#16]):1]-[#16X1,#16X2:2]",0.1826,305,666
124,"[#6X3$(*=[#8,#16]):1]-[#9:2]",0.1115,7,17
125,"[#6X3$(*=[#8,#16]):1]-[#17:2]",0.0486,19,40
126,"[#6X3$(*=[#8,#16]):1]-[#35:2]",0.1106,0,0
127,"[#6X3$(*=[#8,#16]):1]-[#53:2]",0.2601,0,0
128,"[#6X3$(*=[#8,#16]):1]-[#1:2]",0.0928,252,559
129,"[#6X3$(*=[#8,#16]):1]=[#8X1$(*=[#6r]@[#7r,#8r]):2]",0.2755,3501,9294
130,"[#6X3$(*=[#8,#16]):1]=[#8X1$(*=[#6X3]-[#8X2]):2]",0.189,2186,4974
131,"[#6X3$(*=[#8,#16]):1]=[#8X1,#8X2:2]",0.2391,5943,20950
132,"[#6X3$(*=[#8,#16]):1]=[#16X4:2]",0.5617,7,15
133,"[#6X3$(*=[#8,#16]):1]=[#16X3:2]",0.4447,2,6
134,"[#6X3$(*=[#8,#16]):1]=[#16X1,#16X2:2]",0.2834,575,1244
135,"[#6a$(*~[#7aX2,#8aX2]):1]-[#6a$(*~[#7aX2,#8aX2]):2]",0.0,0,0
136,"[#6a$(*~[#7aX2,#8aX2]):1]-[#7X3ar5,#7X3+1,#7X3+0$(*-[#6X3$(*=[#7X3+1])]),$([#7X3](-[#8X1-1])=[#8X1]),$([#7X3](=[#8X1])=[#8X1]):2]",0.0635,0,0
137,"[#6a$(*~[#7aX2,#8aX2]):1]-[#7X2-1$(*-[#6X3$(*=[#8X1,#16X1])]),#7X3$(*-[#6X3$(*=[#8X1,#16X1])]):2]",0.0799,0,0
138,"[#6a$(*~[#7aX2,#8aX2]):1]-[#7X4,#7X3,#7X2-1:2]",0.1929,1,2
139,"[#6a$(*~[#7aX2,#8aX2]):1]-[#7X1,#7X2+1:2]",0.21,0,0
140,"[#6a$(*~[#7aX2,#8aX2]):1]-[#7X2+0,#7X2-1ar5:2]",0.219,0,0
141,"[#6a$(*~[#7aX2,#8aX2]):1]-[#8X1,#8X2:2]",0.1703,0,0
142,"[#6a$(*~[#7aX2,#8aX2]):1]-[#16X4:2]",0.5169,0,0
143,"[#6a$(*~[#7aX2,#8aX2]):1]-[#16X3:2]",0.5416,0,0
144,"[#6a$(*~[#7aX2,#8aX2]):1]-[#16X1,#16X2:2]",0.3273,0,0
145,"[#6a$(*~[#7aX2,#8aX2]):1]-[#9:2]",0.1402,0,0
146,"[#6a$(*~[#7aX2,#8aX2]):1]-[#17:2]",0.166,0,0
147,"[#6a$(*~[#7aX2,#8aX2]):1]-[#35:2]",0.2312,0,0
148,"[#6a$(*~[#7aX2,#8aX2]):1]-[#53:2]",0.3528,0,0
149,"[#6a$(*~[#7aX2,#8aX2]):1]-[#1:2]",0.1369,0,0
150,"[#6a$(*~[#7aX2,#8aX2]):1]:[#6a$(*~[#7aX2,#8aX2]):2]",0.0,0,0
151,"[#6a$(*~[#7aX2,#8aX2]):1]:[#7X3ar5,#7X3+1,#7X3+0$(*-[#6X3$(*=[#7X3+1])]),$([#7X3](-[#8X1-1])=[#8X1]),$([#7X3](=[#8X1])=[#8X1]):2]",0.0885,0,0
152,"[#6a$(*~[#7aX2,#8aX2]):1]:[#7X2+0,#7X2-1ar5:2]",0.263,0,0
153,"[#6a$(*~[#7aX2,#8aX2]):1]:[#8X1,#8X2:2]",0.1294,0,0
154,"[#6a$(*~[#7aX2,#8aX2]):1]:[#16X1,#16X2:2]",0.3144,0,0
155,"[#6a:1]-[#6a$(*~[#7aX2,#8aX2]):2]",-0.1075,0,0
156,[#6a:1]-[#6a:2],0.0,0,0
157,"[#6a:1]-[#7X3ar5,#7X3+1,#7X3+0$(*-[#6X3$(*=[#7X3+1])]),$([#7X3](-[#8X1-1])=[#8X1]),$([#7X3](=[#8X1])=[#8X1]):2]",-0.0452,0,0
158,"[#6a:1]-[#7X2-1$(*-[#6X3$(*=[#8X1,#16X1])]),#7X3$(*-[#6X3$(*=[#8X1,#16X1])]):2]",-0.0074,0,0
159,"[#6a:1]-[#7X4,#7X3,#7X2-1:2]",0.0816,1,2
160,"[#6a:1]-[#7X1,#7X2+1:2]",0.1877,0,0
161,"[#6a:1]-[#7X2+0,#7X2-1ar5:2]",0.1394,0,0
162,"[#6a:1]-[#8X1,#8X2:2]",0.0451,0,0
163,[#6a:1]-[#16X4:2],0.4445,0,0
164,[#6a:1]-[#16X3:2],0.4285,0,0
165,"[#6a:1]-[#16X1,#16X2:2]",0.2269,0,0
166,[#6a:1]-[#14X4:2],0.1938,0,0
167,[#6a:1]-[#9:2],0.0349,0,0
168,[#6a:1]-[#17:2],0.0784,0,0
169,[#6a:1]-[#35:2],0.1401,0,0
170,[#6a:1]-[#53:2],0.2859,0,0
171,[#6a:1]-[#1:2],0.0,0,0
172,"[#6a:1]:[#6a$(*~[#7aX2,#8aX2]):2]",-0.0653,0,0
173,[#6a:1]:[#6a:2],0.0,0,0
174,"[#6a:1]:[#7X3ar5,#7X3+1,#7X3+0$(*-[#6X3$(*=[#7X3+1])]),$([#7X3](-[#8X1-1])=[#8X1]),$([#7X3](=[#8X1])=[#8X1]):2]",-0.0243,0,0
175,"[#6a:1]:[#8X1,#8X2:2]",-0.1518,0,0
176,"[#6a:1]:[#16X1,#16X2:2]",0.2699,0,0
177,"[#7X3ar5,#7X3+1,#7X3+0$(*-[#6X3$(*=[#7X3+1])]),$([#7X3](-[#8X1-1])=[#8X1]),$([#7X3](=[#8X1])=[#8X1]):1]-[#7X3ar5,#7X3+1,#7X3+0$(*-[#6X3$(*=[#7X3+1])]),$([#7X3](-[#8X1-1])=[#8X1]),$([#7X3](=[#8X1])=[#8X1]):2]",0.0,21,43
178,"[#7X3ar5,#7X3+1,#7X3+0$(*-[#6X3$(*=[#7X3+1])]),$([#7X3](-[#8X1-1])=[#8X1]),$([#7X3](=[#8X1])=[#8X1]):1]-[#7X2+0,#7X2-1ar5:2]",0.1794,1674,3710
179,"[#7X3ar5,#7X3+1,#7X3+0$(*-[#6X3$(*=[#7X3+1])]),$([#7X3](-[#8X1-1])=[#8X1]),$([#7X3](=[#8X1])=[#8X1]):1]-[#8X1,#8X2:2]",0.0202,60,129
180,"[#7X3ar5,#7X3+1,#7X3+0$(*-[#6X3$(*=[#7X3+1])]),$([#7X3](-[#8X1-1])=[#8X1]),$([#7X3](=[#8X1])=[#8X1]):1]-[#16X4:2]",0.3418,38,79
181,"[#7X3ar5,#7X3+1,#7X3+0$(*-[#6X3$(*=[#7X3+1])]),$([#7X3](-[#8X1-1])=[#8X1]),$([#7X3](=[#8X1])=[#8X1]):1]-[#16X1,#16X2:2]",0.2024,4,8
182,"[#7X3ar5,#7X3+1,#7X3+0$(*-[#6X3$(*=[#7X3+1])]),$([#7X3](-[#8X1-1])=[#8X1]),$([#7X3](=[#8X1])=[#8X1]):1]-[#14X4:2]",0.1766,0,0
183,"[#7X3ar5,#7X3+1,#7X3+0$(*-[#6X3$(*=[#7X3+1])]),$([#7X3](-[#8X1-1])=[#8X1]),$([#7X3](=[#8X1])=[#8X1]):1]-[#9:2]",0.0561,0,0
184,"[#7X3ar5,#7X3+1,#7X3+0$(*-[#6X3$(*=[#7X3+1])]),$([#7X3](-[#8X1-1])=[#8X1]),$([#7X3](=[#8X1])=[#8X1]):1]-[#17:2]",0.0642,0,0
185,"[#7X3ar5,#7X3+1,#7X3+0$(*-[#6X3$(*=[#7X3+1])]),$([#7X3](-[#8X1-1])=[#8X1]),$([#7X3](=[#8X1])=[#8X1]):1]-[#35:2]",0.1802,1,2
186,"[#7X3ar5,#7X3+1,#7X3+0$(*-[#6X3$(*=[#7X3+1])]),$([#7X3](-[#8X1-1])=[#8X1]),$([#7X3](=[#8X1])=[#8X1]):1]-[#1:2]",-0.0497,1459,3893
187,"[#7X3ar5,#7X3+1,#7X3+0$(*-[#6X3$(*=[#7X3+1])]),$([#7X3](-[#8X1-1])=[#8X1]),$([#7X3](=[#8X1])=[#8X1]):1]=[#7X2+0,#7X2-1ar5:2]",0.1731,36,74
188,"[#7X3ar5,#7X3+1,#7X3+0$(*-[#6X3$(*=[#7X3+1])]),$([#7X3](-[#8X1-1])=[#8X1]),$([#7X3](=[#8X1])=[#8X1]):1]:[#7X3ar5,#7X3+1,#7X3+0$(*-[#6X3$(*=[#7X3+1])]),$([#7X3](-[#8X1-1])=[#8X1]),$([#7X3](=[#8X1])=[#8X1]):2]",0.0,0,0
189,"[#7X3ar5,#7X3+1,#7X3+0$(*-[#6X3$(*=[#7X3+1])]),$([#7X3](-[#8X1-1])=[#8X1]),$([#7X3](=[#8X1])=[#8X1]):1]:[#7X2+0,#7X2-1ar5:2]",0.1698,0,0
190,"[#7X3ar5,#7X3+1,#7X3+0$(*-[#6X3$(*=[#7X3+1])]),$([#7X3](-[#8X1-1])=[#8X1]),$([#7X3](=[#8X1])=[#8X1]):1]:[#8X1,#8X2:2]",0.0677,0,0
191,"[#7X3ar5,#7X3+1,#7X3+0$(*-[#6X3$(*=[#7X3+1])]),$([#7X3](-[#8X1-1])=[#8X1]),$([#7X3](=[#8X1])=[#8X1]):1]:[#16X1,#16X2:2]",0.1565,0,0
192,"[#7X2-1$(*-[#6X3$(*=[#8X1,#16X1])]),#7X3$(*-[#6X3$(*=[#8X1,#16X1])]):1]-[#7X3ar5,#7X3+1,#7X3+0$(*-[#6X3$(*=[#7X3+1])]),$([#7X3](-[#8X1-1])=[#8X1]),$([#7X3](=[#8X1])=[#8X1]):2]",-0.0327,17,34
193,"[#7X2-1$(*-[#6X3$(*=[#8X1,#16X1])]),#7X3$(*-[#6X3$(*=[#8X1,#16X1])]):1]-[#7X2-1$(*-[#6X3$(*=[#8X1,#16X1])]),#7X3$(*-[#6X3$(*=[#8X1,#16X1])]):2]",0.0,83,168
194,"[#7X2-1$(*-[#6X3$(*=[#8X1,#16X1])]),#7X3$(*-[#6X3$(*=[#8X1,#16X1])]):1]-[#7X1,#7X2+1:2]",0.0235,0,0
195,"[#7X2-1$(*-[#6X3$(*=[#8X1,#16X1])]),#7X3$(*-[#6X3$(*=[#8X1,#16X1])]):1]-[#7X2+0,#7X2-1ar5:2]",0.1326,427,895
196,"[#7X2-1$(*-[#6X3$(*=[#8X1,#16X1])]),#7X3$(*-[#6X3$(*=[#8X1,#16X1])]):1]-[#8X1,#8X2:2]",-0.0059,203,408
197,"[#7X2-1$(*-[#6X3$(*=[#8X1,#16X1])]),#7X3$(*-[#6X3$(*=[#8X1,#16X1])]):1]-[#16X4:2]",0.3322,115,236
198,"[#7X2-1$(*-[#6X3$(*=[#8X1,#16X1])]),#7X3$(*-[#6X3$(*=[#8X1,#16X1])]):1]-[#16X3:2]",0.3657,6,13
199,"[#7X2-1$(*-[#6X3$(*=[#8X1,#16X1])]),#7X3$(*-[#6X3$(*=[#8X1,#16X1])]):1]-[#16X1,#16X2:2]",0.1593,51,107
200,"[#7X2-1$(*-[#6X3$(*=[#8X1,#16X1])]),#7X3$(*-[#6X3$(*=[#8X1,#16X1])]):1]-[#9:2]",-0.0155,0,0
201,"[#7X2-1$(*-[#6X3$(*=[#8X1,#16X1])]),#7X3$(*-[#6X3$(*=[#8X1,#16X1])]):1]-[#17:2]",-0.0015,4,16
202,"[#7X2-1$(*-[#6X3$(*=[#8X1,#16X1])]),#7X3$(*-[#6X3$(*=[#8X1,#16X1])]):1]-[#35:2]",0.0838,3,8
203,"[#7X2-1$(*-[#6X3$(*=[#8X1,#16X1])]),#7X3$(*-[#6X3$(*=[#8X1,#16X1])]):1]-[#53:2]",0.2067,0,0
204,"[#7X2-1$(*-[#6X3$(*=[#8X1,#16X1])]),#7X3$(*-[#6X3$(*=[#8X1,#16X1])]):1]-[#1:2]",-0.0865,4807,19280
205,"[#7X4,#7X3,#7X2-1:1]-[#7X3ar5,#7X3+1,#7X3+0$(*-[#6X3$(*=[#7X3+1])]),$([#7X3](-[#8X1-1])=[#8X1]),$([#7X3](=[#8X1])=[#8X1]):2]",-0.1185,50,102
206,"[#7X4,#7X3,#7X2-1:1]-[#7X2-1$(*-[#6X3$(*=[#8X1,#16X1])]),#7X3$(*-[#6X3$(*=[#8X1,#16X1])]):2]",-0.0302,277,575
207,"[#7X4,#7X3,#7X2-1:1]-[#7X4,#7X3,#7X2-1:2]",0.0,253,538
208,"[#7X4,#7X3,#7X2-1:1]-[#7X2+0,#7X2-1ar5:2]",0.0867,502,1055
209,"[#7X4,#7X3,#7X2-1:1]-[#8X1,#8X2:2]",-0.0517,245,542
210,"[#7X4,#7X3,#7X2-1:1]-[#16X4:2]",0.3359,773,1654
211,"[#7X4,#7X3,#7X2-1:1]-[#16X3:2]",0.3531,11,24
212,"[#7X4,#7X3,#7X2-1:1]-[#16X1,#16X2:2]",0.0757,35,77
213,"[#7X4,#7X3,#7X2-1:1]-[#14X4:2]",0.1037,0,0
214,"[#7X4,#7X3,#7X2-1:1]-[#9:2]",-0.0204,14,61
215,"[#7X4,#7X3,#7X2-1:1]-[#17:2]",-0.0369,18,57
216,"[#7X4,#7X3,#7X2-1:1]-[#35:2]",0.0876,4,10
217,"[#7X4,#7X3,#7X2-1:1]-[#53:2]",0.1898,0,0
218,"[#7X4,#7X3,#7X2-1:1]-[#1:2]",-0.2048,5223,15927
219,"[#7X1,#7X2+1:1]-[#1:2]",-0.1634,0,0
220,"[#7X1,#7X2+1:1]=[#7X1,#7X2+1:2]",0.0,91,195
221,"[#7X1,#7X2+1:1]#[#7X1,#7X2+1:2]",0.0,11,22
222,"[#7X1,#7X2+1:1]-[#16X1,#16X2:2]",0.1473,0,0
223,"[#7X2+0,#7X2-1ar5:1]-[#7X1,#7X2+1:2]",0.1043,0,0
224,"[#7X2+0,#7X2-1ar5:1]-[#7X2+0,#7X2-1ar5:2]",0.0,765,1552
225,"[#7X2+0,#7X2-1ar5:1]-[#8X1,#8X2:2]",-0.0985,699,1497
226,"[#7X2+0,#7X2-1ar5:1]-[#16X4:2]",0.2714,71,148
227,"[#7X2+0,#7X2-1ar5:1]-[#16X3:2]",0.1731,4,9
228,"[#7X2+0,#7X2-1ar5:1]-[#16X1,#16X2:2]",0.0315,193,430
229,"[#7X2+0,#7X2-1ar5:1]-[#14X4:2]",0.115,0,0
230,"[#7X2+0,#7X2-1ar5:1]-[#9:2]",-0.0554,2,6
231,"[#7X2+0,#7X2-1ar5:1]-[#17:2]",-0.0603,3,10
232,"[#7X2+0,#7X2-1ar5:1]-[#35:2]",0.0192,3,8
233,"[#7X2+0,#7X2-1ar5:1]-[#53:2]",0.1171,0,0
234,"[#7X2+0,#7X2-1ar5:1]-[#1:2]",-0.2444,350,772
235,"[#7X2+0,#7X2-1ar5:1]=[#7X1,#7X2+1:2]",0.004,70,152
236,"[#7X2+0,#7X2-1ar5:1]=[#7X2+0,#7X2-1ar5:2]",0.0,912,1888
237,"[#7X2+0,#7X2-1ar5:1]=[#8X1,#8X2:2]",-0.0467,146,324
238,"[#7X2+0,#7X2-1ar5:1]=[#16X4:2]",0.4265,27,56
239,"[#7X2+0,#7X2-1ar5:1]=[#16X3:2]",0.3764,4,8
240,"[#7X2+0,#7X2-1ar5:1]=[#16X1,#16X2:2]",0.1684,4,10
241,"[#7X2+0,#7X2-1ar5:1]:[#7X2+0,#7X2-1ar5:2]",0.0,0,0
242,"[#7X2+0,#7X2-1ar5:1]:[#8X1,#8X2:2]",-0.0723,0,0
243,"[#7X2+0,#7X2-1ar5:1]:[#16X1,#16X2:2]",0.0419,0,0
244,"[#8X1,#8X2:1]-[#8X1,#8X2:2]",0.0,75,179
245,"[#8X1,#8X2:1]-[#16X4:2]",0.2093,262,680
246,"[#8X1,#8X2:1]-[#16X3:2]",0.2152,31,75
247,"[#8X1,#8X2:1]-[#16X1,#16X2:2]",0.0442,8,20
248,"[#8X1,#8X2:1]-[#14X4:2]",0.0083,0,0
249,"[#8X1,#8X2:1]-[#9:2]",0.0375,0,0
250,"[#8X1,#8X2:1]-[#17:2]",0.0014,0,0
251,"[#8X1,#8X2:1]-[#35:2]",0.0699,0,0
252,"[#8X1,#8X2:1]-[#53:2]",0.1712,0,0
253,"[#8X1,#8X2:1]-[#1:2]",-0.201,4307,11915
254,"[#8X1,#8X2:1]=[#16X4:2]",0.2792,1678,5425
255,"[#8X1,#8X2:1]=[#16X3:2]",0.2718,194,397
256,"[#8X1,#8X2:1]=[#16X1,#16X2:2]",0.1583,6,15
257,"[#8X1,#8X2:1]:[#16X1,#16X2:2]",0.0983,0,0
258,"[#8X1,#8X2:1]~[#16X4:2]",0.3228,0,0
259,"[#8X1,#8X2:1]~[#16X3:2]",0.3916,0,0
260,"[#8X1,#8X2:1]~[#16X1,#16X2:2]",0.153,0,0
261,[#16X4:1]-[#9:2],-0.2041,14,38
262,[#16X4:1]-[#17:2],-0.2761,16,36
263,[#16X4:1]-[#35:2],-0.197,0,0
264,[#16X4:1]-[#53:2],-0.149,0,0
265,[#16X4:1]-[#1:2],-0.4588,0,0
266,[#16X3:1]-[#16X3:2],0.0,0,0
267,[#16X3:1]-[#17:2],-0.235,3,6
268,[#16X3:1]-[#1:2],-0.404,0,0
269,"[#16X1,#16X2:1]-[#16X4:2]",0.2971,20,45
270,"[#16X1,#16X2:1]-[#16X3:2]",0.2576,6,12
271,"[#16X1,#16X2:1]-[#16X1,#16X2:2]",0.0,199,420
272,"[#16X1,#16X2:1]-[#14X4:2]",-0.0936,0,0
273,"[#16X1,#16X2:1]-[#9:2]",-0.0547,2,6
274,"[#16X1,#16X2:1]-[#17:2]",-0.026,5,10
275,"[#16X1,#16X2:1]-[#35:2]",0.1105,2,6
276,"[#16X1,#16X2:1]-[#1:2]",-0.1718,299,685
277,"[#16X1,#16X2:1]=[#16X3:2]",0.3295,0,0
278,"[#16X1,#16X2:1]:[#16X1,#16X2:2]",0.0,0,0
279,"[#16X1,#16X2:1]~[#16X4:2]",0.5218,0,0
280,[#14X4:1]-[#17:2],-0.0555,0,0
281,[#14X4:1]-[#1:2],-0.0258,0,0
