atom_index,element,parameter_index,smirks,coefficient,parameter_value_e,contribution_e
0,C,27,"[#6X4:1]-[#7X3ar5,#7X3+1,#7X3+0$(*-[#6X3$(*=[#7X3+1])]),$([#7X3](-[#8X1-1])=[#8X1]),$([#7X3](=[#8X1])=[#8X1]):2]",1.0,0.30701640578481026,0.30701640578481026
0,C,41,[#6X4:1]-[#1:2],3.0,-0.0654409793812388,-0.1963229381437164
1,N,27,"[#6X4:1]-[#7X3ar5,#7X3+1,#7X3+0$(*-[#6X3$(*=[#7X3+1])]),$([#7X3](-[#8X1-1])=[#8X1]),$([#7X3](=[#8X1])=[#8X1]):2]",-1.0,0.30701640578481026,-0.30701640578481026
1,N,73,"[#6X3$(*=[#6]):1]-[#7X3ar5,#7X3+1,#7X3+0$(*-[#6X3$(*=[#7X3+1])]),$([#7X3](-[#8X1-1])=[#8X1]),$([#7X3](=[#8X1])=[#8X1]):2]",-1.0,0.03943594669453557,-0.03943594669453557
1,N,109,"[#6X3$(*=[#7,#15]):1]=[#7X3ar5,#7X3+1,#7X3+0$(*-[#6X3$(*=[#7X3+1])]),$([#7X3](-[#8X1-1])=[#8X1]),$([#7X3](=[#8X1])=[#8X1]):2]",-1.0,0.18979260535028367,-0.18979260535028367
2,C,69,"[#6X3$(*=[#6]):1]-[#6X3$(*=[#7,#15]):2]",-1.0,0.009569067484696825,-0.009569067484696825
2,C,108,"[#6X3$(*=[#7,#15]):1]-[#1:2]",1.0,-0.08951215796062942,-0.08951215796062942
2,C,109,"[#6X3$(*=[#7,#15]):1]=[#7X3ar5,#7X3+1,#7X3+0$(*-[#6X3$(*=[#7X3+1])]),$([#7X3](-[#8X1-1])=[#8X1]),$([#7X3](=[#8X1])=[#8X1]):2]",1.0,0.18979260535028367,0.18979260535028367
3,C,69,"[#6X3$(*=[#6]):1]-[#6X3$(*=[#7,#15]):2]",1.0,0.009569067484696825,0.009569067484696825
3,C,87,[#6X3$(*=[#6]):1]-[#1:2],1.0,-0.1563106006539567,-0.1563106006539567
3,C,89,[#6X3$(*=[#6]):1]=[#6X3$(*=[#6]):2],1.0,0.010443345969604778,0.010443345969604778
4,C,68,[#6X3$(*=[#6]):1]-[#6X3$(*=[#6]):2],1.0,0.017661880101380367,0.017661880101380367
4,C,87,[#6X3$(*=[#6]):1]-[#1:2],1.0,-0.1563106006539567,-0.1563106006539567
4,C,89,[#6X3$(*=[#6]):1]=[#6X3$(*=[#6]):2],-1.0,0.010443345969604778,-0.010443345969604778
5,C,68,[#6X3$(*=[#6]):1]-[#6X3$(*=[#6]):2],-1.0,0.017661880101380367,-0.017661880101380367
5,C,87,[#6X3$(*=[#6]):1]-[#1:2],1.0,-0.1563106006539567,-0.1563106006539567
5,C,89,[#6X3$(*=[#6]):1]=[#6X3$(*=[#6]):2],1.0,0.010443345969604778,0.010443345969604778
6,C,70,"[#6X3$(*=[#6]):1]-[#6X3$(*=[#8,#16]):2]",1.0,0.06048789970097368,0.06048789970097368
6,C,73,"[#6X3$(*=[#6]):1]-[#7X3ar5,#7X3+1,#7X3+0$(*-[#6X3$(*=[#7X3+1])]),$([#7X3](-[#8X1-1])=[#8X1]),$([#7X3](=[#8X1])=[#8X1]):2]",1.0,0.03943594669453557,0.03943594669453557
6,C,89,[#6X3$(*=[#6]):1]=[#6X3$(*=[#6]):2],-1.0,0.010443345969604778,-0.010443345969604778
7,C,17,"[#6X3:1](~[#8X1,#16X1])(~[#8X1:2])",2.0,-0.0028228709003540464,-0.005645741800708093
7,C,70,"[#6X3$(*=[#6]):1]-[#6X3$(*=[#8,#16]):2]",-1.0,0.06048789970097368,-0.06048789970097368
8,O,17,"[#6X3:1](~[#8X1,#16X1])(~[#8X1:2])",-1.0,-0.0028228709003540464,0.0028228709003540464
9,O,17,"[#6X3:1](~[#8X1,#16X1])(~[#8X1:2])",-1.0,-0.0028228709003540464,0.0028228709003540464
10,H,41,[#6X4:1]-[#1:2],-1.0,-0.0654409793812388,0.0654409793812388
11,H,41,[#6X4:1]-[#1:2],-1.0,-0.0654409793812388,0.0654409793812388
12,H,41,[#6X4:1]-[#1:2],-1.0,-0.0654409793812388,0.0654409793812388
13,H,108,"[#6X3$(*=[#7,#15]):1]-[#1:2]",-1.0,-0.08951215796062942,0.08951215796062942
14,H,87,[#6X3$(*=[#6]):1]-[#1:2],-1.0,-0.1563106006539567,0.1563106006539567
15,H,87,[#6X3$(*=[#6]):1]-[#1:2],-1.0,-0.1563106006539567,0.1563106006539567
16,H,87,[#6X3$(*=[#6]):1]-[#1:2],-1.0,-0.1563106006539567,0.1563106006539567
