atom_index,element,neighbors,formal_charge_e,resonance_seed_e,bcc_shift_e,predicted_charge_e
0,C,N1;H10;H11;H12,0.0,0.0,0.11069346764109386,0.11069346764109386
1,N,C0;C2;C6,1.0,1.0,-0.5362449578296296,0.46375504217037045
2,C,N1;C3;H13,0.0,0.0,0.09071137990495742,0.09071137990495742
3,C,C2;C4;H14,0.0,0.0,-0.13629818719965509,-0.13629818719965509
4,C,C3;C5;H15,0.0,0.0,-0.1490920665221811,-0.1490920665221811
5,C,C4;C6;H16,0.0,0.0,-0.16352913478573228,-0.16352913478573228
6,C,C5;C7;N1,0.0,0.0,0.08948050042590447,0.08948050042590447
7,C,C6;O8;O9,0.0,0.0,-0.06613364150168177,-0.06613364150168177
8,O,C7,0.0,-0.5,0.0028228709003540464,-0.49717712909964595
9,O,C7,-1.0,-0.5,0.0028228709003540464,-0.49717712909964595
10,H,C0,0.0,0.0,0.0654409793812388,0.0654409793812388
11,H,C0,0.0,0.0,0.0654409793812388,0.0654409793812388
12,H,C0,0.0,0.0,0.0654409793812388,0.0654409793812388
13,H,C2,0.0,0.0,0.08951215796062942,0.08951215796062942
14,H,C3,0.0,0.0,0.1563106006539567,0.1563106006539567
15,H,C4,0.0,0.0,0.1563106006539567,0.1563106006539567
16,H,C5,0.0,0.0,0.1563106006539567,0.1563106006539567
